Date,Actual_IP,Est_IP
1921-01-31,4.0,4.0
1921-02-28,3.9,3.9
1921-03-31,3.8,3.8
1921-04-30,3.8,3.8
1921-05-31,3.9,3.9
1921-06-30,3.9,3.9
1921-07-31,3.8,3.8
1921-08-31,4.0,4.0
1921-09-30,4.0,4.0
1921-10-31,4.2,4.2
1921-11-30,4.2,4.2
1921-12-31,4.2,4.2
1922-01-31,4.3,4.3
1922-02-28,4.5,4.5
1922-03-31,4.8,4.8
1922-04-30,4.6,4.6
1922-05-31,4.8,4.8
1922-06-30,5.1,5.1
1922-07-31,5.1,5.1
1922-08-31,5.0,5.0
1922-09-30,5.2,5.2
1922-10-31,5.5,5.5
1922-11-30,5.8,5.8
1922-12-31,5.9,5.9
1923-01-31,5.8,5.8
1923-02-28,5.9,5.9
1923-03-31,6.1,6.1
1923-04-30,6.2,6.2
1923-05-31,6.3,6.3
1923-06-30,6.2,6.2
1923-07-31,6.2,6.2
1923-08-31,6.1,6.1
1923-09-30,5.9,5.9
1923-10-31,5.9,5.9
1923-11-30,5.9,5.9
1923-12-31,5.8,5.8
1924-01-31,5.9,5.9
1924-02-29,6.0,6.0
1924-03-31,5.9,5.9
1924-04-30,5.7,5.7
1924-05-31,5.5,5.5
1924-06-30,5.2,5.2
1924-07-31,5.2,5.2
1924-08-31,5.3,5.3
1924-09-30,5.5,5.5
1924-10-31,5.7,5.7
1924-11-30,5.8,5.8
1924-12-31,5.9,5.9
1925-01-31,6.1,6.1
1925-02-28,6.1,6.1
1925-03-31,6.1,6.1
1925-04-30,6.2,6.2
1925-05-31,6.2,6.2
1925-06-30,6.1,6.1
1925-07-31,6.3,6.3
1925-08-31,6.2,6.2
1925-09-30,6.1,6.1
1925-10-31,6.3,6.3
1925-11-30,6.5,6.5
1925-12-31,6.5,6.5
1926-01-31,6.4,6.4
1926-02-28,6.4,6.4
1926-03-31,6.5,6.5
1926-04-30,6.5,6.5
1926-05-31,6.5,6.5
1926-06-30,6.5,6.5
1926-07-31,6.6,6.6
1926-08-31,6.6,6.6
1926-09-30,6.7,6.7
1926-10-31,6.7,6.7
1926-11-30,6.7,6.7
1926-12-31,6.7,6.7
1927-01-31,6.7,6.7
1927-02-28,6.7,6.7
1927-03-31,6.8,6.8
1927-04-30,6.6,6.6
1927-05-31,6.7,6.7
1927-06-30,6.7,6.7
1927-07-31,6.6,6.6
1927-08-31,6.6,6.6
1927-09-30,6.5,6.5
1927-10-31,6.3,6.3
1927-11-30,6.3,6.3
1927-12-31,6.4,6.4
1928-01-31,6.5,6.5
1928-02-29,6.6,6.6
1928-03-31,6.6,6.6
1928-04-30,6.6,6.6
1928-05-31,6.7,6.7
1928-06-30,6.7,6.7
1928-07-31,6.8,6.8
1928-08-31,6.9,6.9
1928-09-30,7.0,7.0
1928-10-31,7.1,7.1
1928-11-30,7.3,7.3
1928-12-31,7.4,7.4
1929-01-31,7.5,7.5
1929-02-28,7.5,7.5
1929-03-31,7.5,7.5
1929-04-30,7.6,7.6
1929-05-31,7.8,7.8
1929-06-30,7.8,7.8
1929-07-31,7.9,7.9
1929-08-31,7.8,7.8
1929-09-30,7.8,7.8
1929-10-31,7.7,7.7
1929-11-30,7.3,7.3
1929-12-31,7.0,7.0
1930-01-31,7.0,7.0
1930-02-28,6.9,6.9
1930-03-31,6.8,6.8
1930-04-30,6.8,6.8
1930-05-31,6.7,6.7
1930-06-30,6.5,6.5
1930-07-31,6.2,6.2
1930-08-31,6.0,6.0
1930-09-30,5.9,5.9
1930-10-31,5.8,5.8
1930-11-30,5.6,5.6
1930-12-31,5.5,5.5
1931-01-31,5.5,5.5
1931-02-28,5.5,5.5
1931-03-31,5.6,5.6
1931-04-30,5.6,5.6
1931-05-31,5.6,5.6
1931-06-30,5.4,5.4
1931-07-31,5.3,5.3
1931-08-31,5.2,5.2
1931-09-30,4.9,4.9
1931-10-31,4.7,4.7
1931-11-30,4.7,4.7
1931-12-31,4.7,4.7
1932-01-31,4.5,4.5
1932-02-29,4.4,4.4
1932-03-31,4.4,4.4
1932-04-30,4.1,4.1
1932-05-31,3.9,3.9
1932-06-30,3.8,3.8
1932-07-31,3.7,3.7
1932-08-31,3.8,3.8
1932-09-30,4.0,4.0
1932-10-31,4.2,4.2
1932-11-30,4.2,4.2
1932-12-31,4.1,4.1
1933-01-31,4.0,4.0
1933-02-28,4.0,4.0
1933-03-31,3.8,3.8
1933-04-30,4.1,4.1
1933-05-31,4.7,4.7
1933-06-30,5.5,5.5
1933-07-31,6.0,6.0
1933-08-31,5.7,5.7
1933-09-30,5.4,5.4
1933-10-31,5.1,5.1
1933-11-30,4.8,4.8
1933-12-31,4.9,4.9
1934-01-31,5.0,5.0
1934-02-28,5.3,5.3
1934-03-31,5.5,5.5
1934-04-30,5.5,5.5
1934-05-31,5.6,5.6
1934-06-30,5.5,5.5
1934-07-31,5.1,5.1
1934-08-31,5.1,5.1
1934-09-30,4.8,4.8
1934-10-31,5.0,5.0
1934-11-30,5.1,5.1
1934-12-31,5.4,5.4
1935-01-31,5.8,5.8
1935-02-28,5.9,5.9
1935-03-31,5.9,5.9
1935-04-30,5.8,5.8
1935-05-31,5.8,5.8
1935-06-30,5.9,5.9
1935-07-31,5.9,5.9
1935-08-31,6.1,6.1
1935-09-30,6.2,6.2
1935-10-31,6.4,6.4
1935-11-30,6.6,6.6
1935-12-31,6.6,6.6
1936-01-31,6.5,6.5
1936-02-29,6.4,6.4
1936-03-31,6.5,6.5
1936-04-30,6.9,6.9
1936-05-31,7.0,7.0
1936-06-30,7.1,7.1
1936-07-31,7.3,7.3
1936-08-31,7.4,7.4
1936-09-30,7.5,7.5
1936-10-31,7.6,7.6
1936-11-30,7.8,7.8
1936-12-31,8.1,8.1
1937-01-31,8.0,8.0
1937-02-28,8.1,8.1
1937-03-31,8.3,8.3
1937-04-30,8.3,8.3
1937-05-31,8.4,8.4
1937-06-30,8.3,8.3
1937-07-31,8.3,8.3
1937-08-31,8.3,8.3
1937-09-30,8.0,8.0
1937-10-31,7.4,7.4
1937-11-30,6.7,6.7
1937-12-31,6.1,6.1
1938-01-31,5.9,5.9
1938-02-28,5.9,5.9
1938-03-31,5.9,5.9
1938-04-30,5.8,5.8
1938-05-31,5.6,5.6
1938-06-30,5.7,5.7
1938-07-31,6.0,6.0
1938-08-31,6.3,6.3
1938-09-30,6.5,6.5
1938-10-31,6.7,6.7
1938-11-30,7.0,7.0
1938-12-31,7.0,7.0
1939-01-31,7.0,7.0
1939-02-28,7.1,7.1
1939-03-31,7.1,7.1
1939-04-30,7.1,7.1
1939-05-31,7.1,7.1
1939-06-30,7.2,7.2
1939-07-31,7.4,7.4
1939-08-31,7.6,7.6
1939-09-30,8.0,8.0
1939-10-31,8.4,8.4
1939-11-30,8.6,8.6
1939-12-31,8.6,8.6
1940-01-31,8.5,8.5
1940-02-29,8.3,8.3
1940-03-31,8.1,8.1
1940-04-30,8.2,8.2
1940-05-31,8.5,8.5
1940-06-30,8.7,8.7
1940-07-31,8.8,8.8
1940-08-31,8.9,8.9
1940-09-30,9.1,9.1
1940-10-31,9.2,9.2
1940-11-30,9.4,9.4
1940-12-31,9.8,9.8
1941-01-31,10.0,10.0
1941-02-28,10.3,10.3
1941-03-31,10.6,10.6
1941-04-30,10.6,10.6
1941-05-31,11.1,11.1
1941-06-30,11.2,11.2
1941-07-31,11.3,11.3
1941-08-31,11.5,11.5
1941-09-30,11.5,11.5
1941-10-31,11.6,11.6
1941-11-30,11.6,11.6
1941-12-31,11.8,11.8
1942-01-31,12.1,12.1
1942-02-28,12.3,12.3
1942-03-31,12.4,12.4
1942-04-30,12.1,12.1
1942-05-31,12.1,12.1
1942-06-30,12.1,12.1
1942-07-31,12.4,12.4
1942-08-31,12.8,12.8
1942-09-30,13.1,13.1
1942-10-31,13.5,13.5
1942-11-30,13.8,13.8
1942-12-31,14.2,14.2
1943-01-31,14.3,14.3
1943-02-28,14.7,14.7
1943-03-31,14.8,14.8
1943-04-30,15.0,15.0
1943-05-31,15.1,15.1
1943-06-30,15.0,15.0
1943-07-31,15.5,15.5
1943-08-31,15.8,15.8
1943-09-30,16.2,16.2
1943-10-31,16.4,16.4
1943-11-30,16.6,16.6
1943-12-31,16.4,16.4
1944-01-31,16.6,16.6
1944-02-29,16.7,16.7
1944-03-31,16.7,16.7
1944-04-30,16.7,16.7
1944-05-31,16.6,16.6
1944-06-30,16.6,16.6
1944-07-31,16.5,16.5
1944-08-31,16.7,16.7
1944-09-30,16.6,16.6
1944-10-31,16.7,16.7
1944-11-30,16.6,16.6
1944-12-31,16.5,16.5
1945-01-31,16.3,16.3
1945-02-28,16.3,16.3
1945-03-31,16.2,16.2
1945-04-30,15.9,15.9
1945-05-31,15.5,15.5
1945-06-30,15.1,15.1
1945-07-31,14.8,14.8
1945-08-31,13.2,13.2
1945-09-30,12.0,12.0
1945-10-31,11.6,11.6
1945-11-30,12.0,12.0
1945-12-31,12.0,12.0
1946-01-31,11.4,11.4
1946-02-28,10.8,10.8
1946-03-31,11.9,11.9
1946-04-30,11.7,11.7
1946-05-31,11.3,11.3
1946-06-30,12.0,12.0
1946-07-31,12.4,12.4
1946-08-31,12.8,12.8
1946-09-30,13.1,13.1
1946-10-31,13.3,13.3
1946-11-30,13.4,13.4
1946-12-31,13.5,13.5
1947-01-31,13.7,13.7
1947-02-28,13.7,13.7
1947-03-31,13.8,13.8
1947-04-30,13.7,13.7
1947-05-31,13.8,13.8
1947-06-30,13.8,13.8
1947-07-31,13.7,13.7
1947-08-31,13.8,13.8
1947-09-30,13.9,13.9
1947-10-31,14.0,14.0
1947-11-30,14.2,14.2
1947-12-31,14.2,14.2
1948-01-31,14.3,14.3
1948-02-29,14.4,14.4
1948-03-31,14.2,14.2
1948-04-30,14.2,14.2
1948-05-31,14.5,14.5
1948-06-30,14.7,14.7
1948-07-31,14.7,14.7
1948-08-31,14.6,14.6
1948-09-30,14.5,14.5
1948-10-31,14.6,14.6
1948-11-30,14.4,14.4
1948-12-31,14.3,14.3
1949-01-31,14.1,14.1
1949-02-28,14.0,14.0
1949-03-31,13.7,13.7
1949-04-30,13.7,13.7
1949-05-31,13.5,13.5
1949-06-30,13.4,13.4
1949-07-31,13.4,13.4
1949-08-31,13.5,13.5
1949-09-30,13.7,13.7
1949-10-31,13.2,13.2
1949-11-30,13.5,13.5
1949-12-31,13.8,13.8
1950-01-31,14.0,14.0
1950-02-28,14.1,14.1
1950-03-31,14.5,14.5
1950-04-30,15.0,15.0
1950-05-31,15.3,15.3
1950-06-30,15.8,15.8
1950-07-31,16.3,16.3
1950-08-31,16.8,16.8
1950-09-30,16.7,16.7
1950-10-31,16.8,16.8
1950-11-30,16.8,16.8
1950-12-31,17.1,17.1
1951-01-31,17.1,17.1
1951-02-28,17.3,17.3
1951-03-31,17.3,17.3
1951-04-30,17.4,17.4
1951-05-31,17.3,17.3
1951-06-30,17.2,17.2
1951-07-31,17.0,17.0
1951-08-31,16.8,16.8
1951-09-30,16.9,16.9
1951-10-31,16.9,16.9
1951-11-30,17.0,17.0
1951-12-31,17.1,17.1
1952-01-31,17.3,17.3
1952-02-29,17.4,17.4
1952-03-31,17.5,17.5
1952-04-30,17.3,17.3
1952-05-31,17.1,17.1
1952-06-30,17.0,17.0
1952-07-31,16.7,16.7
1952-08-31,17.8,17.8
1952-09-30,18.4,18.4
1952-10-31,18.6,18.6
1952-11-30,19.0,19.0
1952-12-31,19.1,19.1
1953-01-31,19.2,19.2
1953-02-28,19.3,19.3
1953-03-31,19.4,19.4
1953-04-30,19.5,19.5
1953-05-31,19.6,19.6
1953-06-30,19.5,19.5
1953-07-31,19.8,19.8
1953-08-31,19.7,19.7
1953-09-30,19.3,19.3
1953-10-31,19.1,19.1
1953-11-30,18.7,18.7
1953-12-31,18.2,18.2
1954-01-31,18.1,18.1
1954-02-28,18.1,18.1
1954-03-31,18.0,18.0
1954-04-30,17.9,17.9
1954-05-31,18.0,18.0
1954-06-30,18.1,18.1
1954-07-31,18.1,18.1
1954-08-31,18.1,18.1
1954-09-30,18.1,18.1
1954-10-31,18.3,18.3
1954-11-30,18.6,18.6
1954-12-31,18.8,18.8
1955-01-31,19.3,19.3
1955-02-28,19.5,19.5
1955-03-31,20.0,20.0
1955-04-30,20.2,20.2
1955-05-31,20.5,20.5
1955-06-30,20.6,20.6
1955-07-31,20.7,20.7
1955-08-31,20.7,20.7
1955-09-30,20.8,20.8
1955-10-31,21.2,21.2
1955-11-30,21.2,21.2
1955-12-31,21.3,21.3
1956-01-31,21.5,21.5
1956-02-29,21.3,21.3
1956-03-31,21.3,21.3
1956-04-30,21.4,21.4
1956-05-31,21.2,21.2
1956-06-30,21.0,21.0
1956-07-31,20.4,20.4
1956-08-31,21.2,21.2
1956-09-30,21.7,21.7
1956-10-31,21.9,21.9
1956-11-30,21.7,21.7
1956-12-31,22.0,22.0
1957-01-31,22.0,22.0
1957-02-28,22.2,22.2
1957-03-31,22.1,22.1
1957-04-30,21.9,21.9
1957-05-31,21.8,21.8
1957-06-30,21.8,21.8
1957-07-31,22.0,22.0
1957-08-31,22.0,22.0
1957-09-30,21.8,21.8
1957-10-31,21.5,21.5
1957-11-30,20.9,20.9
1957-12-31,20.5,20.5
1958-01-31,20.2,20.2
1958-02-28,19.7,19.7
1958-03-31,19.5,19.5
1958-04-30,19.2,19.2
1958-05-31,19.4,19.4
1958-06-30,19.9,19.9
1958-07-31,20.2,20.2
1958-08-31,20.6,20.6
1958-09-30,20.8,20.8
1958-10-31,21.0,21.0
1958-11-30,21.6,21.6
1958-12-31,21.6,21.6
1959-01-31,22.0,22.0
1959-02-28,22.4,22.4
1959-03-31,22.7,22.7
1959-04-30,23.2,23.2
1959-05-31,23.5,23.5
1959-06-30,23.6,23.6
1959-07-31,23.0,23.0
1959-08-31,22.2,22.2
1959-09-30,22.2,22.2
1959-10-31,22.0,22.0
1959-11-30,22.2,22.2
1959-12-31,23.5,23.5
1960-01-31,24.2,24.2
1960-02-29,24.0,24.0
1960-03-31,23.7,23.7
1960-04-30,23.5,23.5
1960-05-31,23.5,23.5
1960-06-30,23.2,23.2
1960-07-31,23.1,23.1
1960-08-31,23.1,23.1
1960-09-30,22.9,22.9
1960-10-31,22.8,22.8
1960-11-30,22.5,22.5
1960-12-31,22.1,22.1
1961-01-31,22.1,22.1
1961-02-28,22.1,22.1
1961-03-31,22.2,22.2
1961-04-30,22.7,22.7
1961-05-31,23.0,23.0
1961-06-30,23.4,23.4
1961-07-31,23.6,23.6
1961-08-31,23.8,23.8
1961-09-30,23.8,23.8
1961-10-31,24.3,24.3
1961-11-30,24.6,24.6
1961-12-31,24.9,24.9
1962-01-31,24.6,24.6
1962-02-28,25.1,25.1
1962-03-31,25.2,25.2
1962-04-30,25.2,25.2
1962-05-31,25.2,25.2
1962-06-30,25.2,25.2
1962-07-31,25.4,25.4
1962-08-31,25.4,25.4
1962-09-30,25.6,25.6
1962-10-31,25.6,25.6
1962-11-30,25.7,25.7
1962-12-31,25.7,25.7
1963-01-31,25.9,25.9
1963-02-28,26.2,26.2
1963-03-31,26.4,26.4
1963-04-30,26.6,26.6
1963-05-31,26.9,26.9
1963-06-30,27.0,27.0
1963-07-31,26.9,26.9
1963-08-31,27.0,27.0
1963-09-30,27.2,27.2
1963-10-31,27.4,27.4
1963-11-30,27.6,27.6
1963-12-31,27.5,27.5
1964-01-31,27.7,27.7
1964-02-29,27.9,27.9
1964-03-31,27.9,27.9
1964-04-30,28.4,28.4
1964-05-31,28.5,28.5
1964-06-30,28.6,28.6
1964-07-31,28.8,28.8
1964-08-31,29.0,29.0
1964-09-30,29.1,29.1
1964-10-31,28.7,28.7
1964-11-30,29.6,29.6
1964-12-31,29.9,29.9
1965-01-31,30.3,30.3
1965-02-28,30.5,30.5
1965-03-31,30.9,30.9
1965-04-30,31.0,31.0
1965-05-31,31.2,31.2
1965-06-30,31.5,31.5
1965-07-31,31.8,31.8
1965-08-31,31.9,31.9
1965-09-30,32.0,32.0
1965-10-31,32.3,32.3
1965-11-30,32.4,32.4
1965-12-31,32.8,32.8
1966-01-31,33.2,33.2
1966-02-28,33.4,33.4
1966-03-31,33.8,33.8
1966-04-30,33.9,33.9
1966-05-31,34.2,34.2
1966-06-30,34.4,34.4
1966-07-31,34.6,34.6
1966-08-31,34.6,34.6
1966-09-30,34.9,34.9
1966-10-31,35.2,35.2
1966-11-30,34.9,34.9
1966-12-31,35.0,35.0
1967-01-31,35.2,35.2
1967-02-28,34.8,34.8
1967-03-31,34.6,34.6
1967-04-30,34.9,34.9
1967-05-31,34.6,34.6
1967-06-30,34.6,34.6
1967-07-31,34.5,34.5
1967-08-31,35.2,35.2
1967-09-30,35.1,35.1
1967-10-31,35.4,35.4
1967-11-30,35.9,35.9
1967-12-31,36.3,36.3
1968-01-31,36.3,36.3
1968-02-29,36.4,36.4
1968-03-31,36.5,36.5
1968-04-30,36.5,36.5
1968-05-31,37.0,37.0
1968-06-30,37.1,37.1
1968-07-31,37.0,37.0
1968-08-31,37.1,37.1
1968-09-30,37.3,37.3
1968-10-31,37.4,37.4
1968-11-30,37.8,37.8
1968-12-31,38.0,38.0
1969-01-31,38.2,38.2
1969-02-28,38.4,38.4
1969-03-31,38.7,38.7
1969-04-30,38.6,38.6
1969-05-31,38.4,38.4
1969-06-30,38.8,38.8
1969-07-31,39.0,39.0
1969-08-31,39.1,39.1
1969-09-30,39.1,39.1
1969-10-31,39.1,39.1
1969-11-30,38.7,38.7
1969-12-31,38.6,38.6
1970-01-31,37.9,37.9
1970-02-28,37.9,37.9
1970-03-31,37.9,37.9
1970-04-30,37.8,37.8
1970-05-31,37.7,37.7
1970-06-30,37.6,37.6
1970-07-31,37.7,37.7
1970-08-31,37.6,37.6
1970-09-30,37.4,37.4
1970-10-31,36.6,36.6
1970-11-30,36.4,36.4
1970-12-31,37.2,37.2
1971-01-31,37.5,37.5
1971-02-28,37.4,37.4
1971-03-31,37.4,37.4
1971-04-30,37.6,37.6
1971-05-31,37.8,37.8
1971-06-30,38.0,38.0
1971-07-31,37.8,37.8
1971-08-31,37.6,37.6
1971-09-30,38.2,38.2
1971-10-31,38.5,38.5
1971-11-30,38.7,38.7
1971-12-31,39.1,39.1
1972-01-31,40.1,40.1
1972-02-29,40.5,40.5
1972-03-31,40.8,40.8
1972-04-30,41.2,41.2
1972-05-31,41.2,41.2
1972-06-30,41.3,41.3
1972-07-31,41.2,41.2
1972-08-31,41.8,41.8
1972-09-30,42.1,42.1
1972-10-31,42.7,42.7
1972-11-30,43.2,43.2
1972-12-31,43.7,43.7
1973-01-31,44.0,44.0
1973-02-28,44.6,44.6
1973-03-31,44.6,44.6
1973-04-30,44.6,44.6
1973-05-31,44.9,44.9
1973-06-30,44.9,44.9
1973-07-31,45.1,45.1
1973-08-31,45.0,45.0
1973-09-30,45.4,45.4
1973-10-31,45.7,45.7
1973-11-30,46.0,46.0
1973-12-31,45.8,45.8
1974-01-31,45.5,45.5
1974-02-28,45.4,45.4
1974-03-31,45.4,45.4
1974-04-30,45.2,45.2
1974-05-31,45.6,45.6
1974-06-30,45.5,45.5
1974-07-31,45.6,45.6
1974-08-31,45.1,45.1
1974-09-30,45.1,45.1
1974-10-31,45.0,45.0
1974-11-30,43.5,43.5
1974-12-31,42.0,42.0
1975-01-31,41.4,41.4
1975-02-28,40.4,40.4
1975-03-31,40.0,40.0
1975-04-30,40.1,40.1
1975-05-31,39.9,39.9
1975-06-30,40.2,40.2
1975-07-31,40.6,40.6
1975-08-31,41.0,41.0
1975-09-30,41.5,41.5
1975-10-31,41.7,41.7
1975-11-30,41.8,41.8
1975-12-31,42.3,42.3
1976-01-31,42.9,42.9
1976-02-29,43.3,43.3
1976-03-31,43.4,43.4
1976-04-30,43.7,43.7
1976-05-31,43.8,43.8
1976-06-30,43.9,43.9
1976-07-31,44.1,44.1
1976-08-31,44.4,44.4
1976-09-30,44.6,44.6
1976-10-31,44.6,44.6
1976-11-30,45.2,45.2
1976-12-31,45.7,45.7
1977-01-31,45.4,45.4
1977-02-28,46.1,46.1
1977-03-31,46.7,46.7
1977-04-30,47.2,47.2
1977-05-31,47.5,47.5
1977-06-30,47.9,47.9
1977-07-31,48.0,48.0
1977-08-31,48.0,48.0
1977-09-30,48.2,48.2
1977-10-31,48.3,48.3
1977-11-30,48.4,48.4
1977-12-31,48.5,48.5
1978-01-31,47.8,47.8
1978-02-28,48.0,48.0
1978-03-31,48.9,48.9
1978-04-30,49.9,49.9
1978-05-31,50.2,50.2
1978-06-30,50.5,50.5
1978-07-31,50.4,50.4
1978-08-31,50.6,50.6
1978-09-30,50.8,50.8
1978-10-31,51.2,51.2
1978-11-30,51.5,51.5
1978-12-31,51.8,51.8
1979-01-31,51.5,51.5
1979-02-28,51.8,51.8
1979-03-31,51.9,51.9
1979-04-30,51.3,51.3
1979-05-31,51.8,51.8
1979-06-30,51.8,51.8
1979-07-31,51.7,51.7
1979-08-31,51.4,51.4
1979-09-30,51.4,51.4
1979-10-31,51.7,51.7
1979-11-30,51.6,51.6
1979-12-31,51.7,51.7
1980-01-31,51.9,51.9
1980-02-29,52.0,52.0
1980-03-31,51.7,51.7
1980-04-30,50.7,50.7
1980-05-31,49.5,49.5
1980-06-30,48.8,48.8
1980-07-31,48.5,48.5
1980-08-31,48.6,48.6
1980-09-30,49.5,49.5
1980-10-31,50.1,50.1
1980-11-30,50.9,50.9
1980-12-31,51.3,51.3
1981-01-31,50.9,50.9
1981-02-28,50.7,50.7
1981-03-31,51.0,51.0
1981-04-30,50.8,50.8
1981-05-31,51.1,51.1
1981-06-30,51.3,51.3
1981-07-31,51.7,51.7
1981-08-31,51.6,51.6
1981-09-30,51.3,51.3
1981-10-31,50.9,50.9
1981-11-30,50.4,50.4
1981-12-31,49.8,49.8
1982-01-31,48.8,48.8
1982-02-28,49.8,49.8
1982-03-31,49.4,49.4
1982-04-30,49.0,49.0
1982-05-31,48.7,48.7
1982-06-30,48.5,48.5
1982-07-31,48.4,48.4
1982-08-31,47.9,47.9
1982-09-30,47.8,47.8
1982-10-31,47.4,47.4
1982-11-30,47.2,47.2
1982-12-31,46.9,46.9
1983-01-31,47.7,47.7
1983-02-28,47.4,47.4
1983-03-31,47.8,47.8
1983-04-30,48.4,48.4
1983-05-31,48.7,48.7
1983-06-30,49.0,49.0
1983-07-31,49.8,49.8
1983-08-31,50.4,50.4
1983-09-30,51.1,51.1
1983-10-31,51.5,51.5
1983-11-30,51.7,51.7
1983-12-31,52.0,52.0
1984-01-31,53.0,53.0
1984-02-29,53.2,53.2
1984-03-31,53.5,53.5
1984-04-30,53.8,53.8
1984-05-31,54.1,54.1
1984-06-30,54.3,54.3
1984-07-31,54.5,54.5
1984-08-31,54.5,54.5
1984-09-30,54.4,54.4
1984-10-31,54.3,54.3
1984-11-30,54.5,54.5
1984-12-31,54.6,54.6
1985-01-31,54.5,54.5
1985-02-28,54.7,54.7
1985-03-31,54.8,54.8
1985-04-30,54.6,54.6
1985-05-31,54.7,54.7
1985-06-30,54.7,54.7
1985-07-31,54.4,54.4
1985-08-31,54.6,54.6
1985-09-30,54.8,54.8
1985-10-31,54.6,54.6
1985-11-30,54.8,54.8
1985-12-31,55.4,55.4
1986-01-31,55.6,55.6
1986-02-28,55.3,55.3
1986-03-31,54.9,54.9
1986-04-30,54.9,54.9
1986-05-31,55.0,55.0
1986-06-30,54.8,54.8
1986-07-31,55.2,55.2
1986-08-31,55.1,55.1
1986-09-30,55.2,55.2
1986-10-31,55.5,55.5
1986-11-30,55.7,55.7
1986-12-31,56.2,56.2
1987-01-31,56.0,56.0
1987-02-28,56.7,56.7
1987-03-31,56.8,56.8
1987-04-30,57.2,57.2
1987-05-31,57.5,57.5
1987-06-30,57.9,57.9
1987-07-31,58.2,58.2
1987-08-31,58.7,58.7
1987-09-30,58.9,58.9
1987-10-31,59.7,59.7
1987-11-30,60.0,60.0
1987-12-31,60.3,60.3
1988-01-31,60.3,60.3
1988-02-29,60.6,60.6
1988-03-31,60.7,60.7
1988-04-30,61.1,61.1
1988-05-31,61.0,61.0
1988-06-30,61.2,61.2
1988-07-31,61.2,61.2
1988-08-31,61.5,61.5
1988-09-30,61.3,61.3
1988-10-31,61.5,61.5
1988-11-30,61.7,61.7
1988-12-31,62.0,62.0
1989-01-31,62.2,62.2
1989-02-28,61.9,61.9
1989-03-31,62.1,62.1
1989-04-30,62.0,62.0
1989-05-31,61.7,61.7
1989-06-30,61.7,61.7
1989-07-31,61.1,61.1
1989-08-31,61.7,61.7
1989-09-30,61.5,61.5
1989-10-31,61.4,61.4
1989-11-30,61.6,61.6
1989-12-31,62.0,62.0
1990-01-31,61.6,61.6
1990-02-28,62.2,62.2
1990-03-31,62.5,62.5
1990-04-30,62.4,62.4
1990-05-31,62.5,62.5
1990-06-30,62.7,62.7
1990-07-31,62.6,62.6
1990-08-31,62.9,62.9
1990-09-30,62.9,62.9
1990-10-31,62.5,62.5
1990-11-30,61.7,61.7
1990-12-31,61.3,61.3
1991-01-31,61.1,61.1
1991-02-28,60.6,60.6
1991-03-31,60.3,60.3
1991-04-30,60.5,60.5
1991-05-31,61.1,61.1
1991-06-30,61.6,61.6
1991-07-31,61.7,61.7
1991-08-31,61.7,61.7
1991-09-30,62.2,62.2
1991-10-31,62.2,62.2
1991-11-30,62.1,62.1
1991-12-31,61.8,61.8
1992-01-31,61.5,61.5
1992-02-29,61.9,61.9
1992-03-31,62.4,62.4
1992-04-30,62.9,62.9
1992-05-31,63.1,63.1
1992-06-30,63.2,63.2
1992-07-31,63.7,63.7
1992-08-31,63.4,63.4
1992-09-30,63.6,63.6
1992-10-31,64.0,64.0
1992-11-30,64.3,64.3
1992-12-31,64.4,64.4
1993-01-31,64.6,64.6
1993-02-28,64.9,64.9
1993-03-31,64.9,64.9
1993-04-30,65.0,65.0
1993-05-31,64.8,64.8
1993-06-30,64.9,64.9
1993-07-31,65.1,65.1
1993-08-31,65.0,65.0
1993-09-30,65.4,65.4
1993-10-31,65.9,65.9
1993-11-30,66.2,66.2
1993-12-31,66.6,66.6
1994-01-31,66.8,66.8
1994-02-28,66.8,66.8
1994-03-31,67.5,67.5
1994-04-30,67.9,67.9
1994-05-31,68.2,68.2
1994-06-30,68.6,68.6
1994-07-31,68.7,68.7
1994-08-31,69.2,69.2
1994-09-30,69.4,69.4
1994-10-31,70.0,70.0
1994-11-30,70.4,70.4
1994-12-31,71.1,71.1
1995-01-31,71.3,71.3
1995-02-28,71.2,71.2
1995-03-31,71.3,71.3
1995-04-30,71.2,71.2
1995-05-31,71.5,71.5
1995-06-30,71.7,71.7
1995-07-31,71.4,71.4
1995-08-31,72.4,72.4
1995-09-30,72.7,72.7
1995-10-31,72.5,72.5
1995-11-30,72.7,72.7
1995-12-31,73.0,73.0
1996-01-31,72.6,72.6
1996-02-29,73.6,73.6
1996-03-31,73.5,73.5
1996-04-30,74.2,74.2
1996-05-31,74.8,74.8
1996-06-30,75.4,75.4
1996-07-31,75.4,75.4
1996-08-31,75.8,75.8
1996-09-30,76.2,76.2
1996-10-31,76.2,76.2
1996-11-30,76.9,76.9
1996-12-31,77.4,77.4
1997-01-31,77.5,77.5
1997-02-28,78.4,78.4
1997-03-31,78.9,78.9
1997-04-30,79.0,79.0
1997-05-31,79.4,79.4
1997-06-30,79.8,79.8
1997-07-31,80.5,80.5
1997-08-31,81.3,81.3
1997-09-30,82.0,82.0
1997-10-31,82.8,82.8
1997-11-30,83.4,83.4
1997-12-31,83.8,83.8
1998-01-31,84.2,84.2
1998-02-28,84.3,84.3
1998-03-31,84.3,84.3
1998-04-30,84.6,84.6
1998-05-31,85.2,85.2
1998-06-30,84.7,84.7
1998-07-31,84.3,84.3
1998-08-31,86.1,86.1
1998-09-30,86.0,86.0
1998-10-31,86.6,86.6
1998-11-30,86.5,86.5
1998-12-31,86.9,86.9
1999-01-31,87.2,87.2
1999-02-28,87.7,87.7
1999-03-31,87.9,87.9
1999-04-30,88.1,88.1
1999-05-31,88.6,88.6
1999-06-30,88.6,88.6
1999-07-31,89.1,89.1
1999-08-31,89.5,89.5
1999-09-30,89.1,89.1
1999-10-31,90.3,90.3
1999-11-30,90.8,90.8
1999-12-31,91.5,91.5
2000-01-31,91.4,91.4
2000-02-29,91.7,91.7
2000-03-31,92.1,92.1
2000-04-30,92.7,92.7
2000-05-31,92.9,92.9
2000-06-30,93.0,93.0
2000-07-31,92.8,92.8
2000-08-31,92.6,92.6
2000-09-30,93.0,93.0
2000-10-31,92.6,92.6
2000-11-30,92.7,92.7
2000-12-31,92.3,92.3
2001-01-31,91.9,91.9
2001-02-28,91.3,91.3
2001-03-31,91.1,91.1
2001-04-30,90.7,90.7
2001-05-31,90.3,90.3
2001-06-30,89.8,89.8
2001-07-31,89.2,89.2
2001-08-31,89.2,89.2
2001-09-30,88.7,88.7
2001-10-31,88.4,88.4
2001-11-30,87.9,87.9
2001-12-31,87.9,87.9
2002-01-31,88.5,88.5
2002-02-28,88.5,88.5
2002-03-31,89.1,89.1
2002-04-30,89.6,89.6
2002-05-31,89.9,89.9
2002-06-30,90.7,90.7
2002-07-31,90.6,90.6
2002-08-31,90.6,90.6
2002-09-30,90.6,90.6
2002-10-31,90.4,90.4
2002-11-30,90.9,90.9
2002-12-31,90.4,90.4
2003-01-31,91.1,91.1
2003-02-28,91.3,91.3
2003-03-31,91.0,91.0
2003-04-30,90.4,90.4
2003-05-31,90.4,90.4
2003-06-30,90.5,90.5
2003-07-31,91.0,91.0
2003-08-31,90.8,90.8
2003-09-30,91.4,91.4
2003-10-31,91.5,91.5
2003-11-30,92.1,92.1
2003-12-31,92.2,92.2
2004-01-31,92.3,92.3
2004-02-29,92.9,92.9
2004-03-31,92.5,92.5
2004-04-30,92.9,92.9
2004-05-31,93.6,93.6
2004-06-30,92.9,92.9
2004-07-31,93.6,93.6
2004-08-31,93.6,93.6
2004-09-30,93.7,93.7
2004-10-31,94.6,94.6
2004-11-30,94.8,94.8
2004-12-31,95.5,95.5
2005-01-31,95.9,95.9
2005-02-28,96.6,96.6
2005-03-31,96.4,96.4
2005-04-30,96.6,96.6
2005-05-31,96.7,96.7
2005-06-30,97.1,97.1
2005-07-31,96.8,96.8
2005-08-31,97.2,97.2
2005-09-30,95.3,95.3
2005-10-31,96.4,96.4
2005-11-30,97.5,97.5
2005-12-31,98.0,98.0
2006-01-31,98.1,98.1
2006-02-28,98.2,98.2
2006-03-31,98.4,98.4
2006-04-30,98.7,98.7
2006-05-31,98.7,98.7
2006-06-30,99.0,99.0
2006-07-31,99.0,99.0
2006-08-31,99.4,99.4
2006-09-30,99.2,99.2
2006-10-31,99.1,99.1
2006-11-30,99.1,99.1
2006-12-31,100.1,100.1
2007-01-31,99.8,99.8
2007-02-28,100.7,100.7
2007-03-31,100.9,100.9
2007-04-30,101.6,101.6
2007-05-31,101.6,101.6
2007-06-30,101.7,101.7
2007-07-31,101.5,101.5
2007-08-31,101.7,101.7
2007-09-30,101.9,101.9
2007-10-31,101.6,101.6
2007-11-30,102.2,102.2
2007-12-31,102.3,102.3
2008-01-31,102.1,102.1
2008-02-29,101.8,101.8
2008-03-31,101.5,101.5
2008-04-30,100.8,100.8
2008-05-31,100.1,100.1
2008-06-30,99.9,99.9
2008-07-31,99.4,99.4
2008-08-31,97.8,97.8
2008-09-30,93.6,93.6
2008-10-31,94.5,94.5
2008-11-30,93.3,93.3
2008-12-31,90.6,90.6
2009-01-31,88.4,88.4
2009-02-28,87.8,87.8
2009-03-31,86.5,86.5
2009-04-30,85.8,85.8
2009-05-31,84.9,84.9
2009-06-30,84.7,84.7
2009-07-31,85.7,85.7
2009-08-31,86.6,86.6
2009-09-30,87.4,87.4
2009-10-31,87.6,87.6
2009-11-30,87.9,87.9
2009-12-31,88.2,88.2
2010-01-31,89.2,89.2
2010-02-28,89.5,89.5
2010-03-31,90.1,90.1
2010-04-30,90.5,90.5
2010-05-31,91.7,91.7
2010-06-30,91.9,91.9
2010-07-31,92.3,92.3
2010-08-31,92.6,92.6
2010-09-30,92.9,92.9
2010-10-31,92.6,92.6
2010-11-30,92.7,92.7
2010-12-31,93.6,93.6
2011-01-31,93.4,93.4
2011-02-28,93.0,93.0
2011-03-31,94.0,94.0
2011-04-30,93.7,93.7
2011-05-31,93.8,93.8
2011-06-30,94.0,94.0
2011-07-31,94.5,94.5
2011-08-31,95.1,95.1
2011-09-30,95.0,95.0
2011-10-31,95.7,95.7
2011-11-30,95.7,95.7
2011-12-31,96.2,96.2
2012-01-31,96.8,96.8
2012-02-29,97.1,97.1
2012-03-31,96.6,96.6
2012-04-30,97.3,97.3
2012-05-31,97.5,97.5
2012-06-30,97.5,97.5
2012-07-31,97.7,97.7
2012-08-31,97.3,97.3
2012-09-30,97.2,97.2
2012-10-31,97.5,97.5
2012-11-30,97.9,97.9
2012-12-31,98.2,98.2
2013-01-31,98.2,98.2
2013-02-28,98.6,98.6
2013-03-31,99.0,99.0
2013-04-30,98.9,98.9
2013-05-31,99.0,99.0
2013-06-30,99.2,99.2
2013-07-31,98.9,98.9
2013-08-31,99.5,99.5
2013-09-30,100.0,100.0
2013-10-31,99.9,99.9
2013-11-30,100.2,100.2
2013-12-31,100.4,100.4
2014-01-31,100.0,100.0
2014-02-28,100.7,100.7
2014-03-31,101.7,101.7
2014-04-30,101.8,101.8
2014-05-31,102.2,102.2
2014-06-30,102.6,102.6
2014-07-31,102.8,102.8
2014-08-31,102.6,102.6
2014-09-30,102.9,102.9
2014-10-31,103.0,103.0
2014-11-30,103.6,103.6
2014-12-31,103.6,103.6
2015-01-31,102.8,102.8
2015-02-28,102.1,102.1
2015-03-31,101.8,101.8
2015-04-30,101.2,101.2
2015-05-31,100.8,100.8
2015-06-30,100.5,100.5
2015-07-31,101.1,101.1
2015-08-31,100.9,100.9
2015-09-30,100.6,100.6
2015-10-31,100.2,100.2
2015-11-30,99.4,99.4
2015-12-31,98.9,98.9
2016-01-31,99.4,99.4
2016-02-29,98.9,98.9
2016-03-31,98.2,98.2
2016-04-30,98.5,98.5
2016-05-31,98.3,98.3
2016-06-30,98.7,98.7
2016-07-31,98.8,98.8
2016-08-31,98.7,98.7
2016-09-30,98.7,98.7
2016-10-31,98.7,98.7
2016-11-30,98.3,98.3
2016-12-31,99.0,99.0
2017-01-31,98.8,98.8
2017-02-28,98.4,98.4
2017-03-31,99.0,99.0
2017-04-30,100.0,100.0
2017-05-31,100.1,100.1
2017-06-30,100.3,100.3
2017-07-31,100.1,100.1
2017-08-31,99.6,99.6
2017-09-30,99.7,99.7
2017-10-31,101.0,101.0
2017-11-30,101.2,101.2
2017-12-31,101.5,101.5
2018-01-31,101.5,101.5
2018-02-28,101.7,101.7
2018-03-31,102.2,102.2
2018-04-30,103.4,103.4
2018-05-31,102.4,102.4
2018-06-30,103.2,103.2
2018-07-31,103.4,103.4
2018-08-31,104.1,104.1
2018-09-30,104.1,104.1
2018-10-31,103.9,103.9
2018-11-30,104.0,104.0
2018-12-31,104.0,104.0
2019-01-31,103.4,103.4
2019-02-28,102.8,102.8
2019-03-31,102.8,102.8
2019-04-30,102.3,102.3
2019-05-31,102.4,102.4
2019-06-30,102.5,102.5
2019-07-31,102.0,102.0
2019-08-31,102.8,102.8
2019-09-30,102.5,102.5
2019-10-31,101.6,101.6
2019-11-30,102.1,102.1
2019-12-31,101.9,101.9
2020-01-31,101.3,101.3
2020-02-29,101.7,101.7
2020-03-31,97.6,97.6
2020-04-30,84.7,84.7
2020-05-31,86.0,86.0
2020-06-30,91.7,91.7
2020-07-31,95.0,95.0
2020-08-31,95.9,95.9
2020-09-30,95.9,95.9
2020-10-31,96.5,96.5
2020-11-30,97.0,97.0
2020-12-31,98.2,98.2
2021-01-31,98.8,98.8
2021-02-28,95.5,95.5
2021-03-31,98.2,98.2
2021-04-30,98.3,98.3
2021-05-31,99.2,99.2
2021-06-30,99.6,99.6
2021-07-31,100.1,100.1
2021-08-31,100.0,100.0
2021-09-30,99.0,99.0
2021-10-31,100.4,100.4
2021-11-30,101.3,101.3
2021-12-31,101.2,101.2
2022-01-31,101.2,101.2
2022-02-28,101.8,101.8
2022-03-31,102.7,102.7
2022-04-30,102.9,102.9
2022-05-31,103.0,103.0
2022-06-30,102.8,102.8
2022-07-31,103.1,103.1
2022-08-31,103.2,103.2
2022-09-30,103.5,103.5
2022-10-31,103.4,103.4
2022-11-30,103.1,103.1
2022-12-31,101.8,101.8
2023-01-31,102.7,102.7
2023-02-28,102.8,102.8
2023-03-31,102.8,102.8
2023-04-30,103.2,103.2
2023-05-31,103.0,103.0
2023-06-30,102.4,102.4
2023-07-31,103.1,103.1
2023-08-31,103.1,103.1
2023-09-30,103.3,103.3
2023-10-31,102.6,102.6
2023-11-30,102.9,102.9
2023-12-31,102.6,102.6
2024-01-31,101.5,101.5
2024-02-29,102.7,102.7
2024-03-31,102.5,102.5
2024-04-30,102.4,102.4
2024-05-31,103.0,103.0
2024-06-30,103.3,103.3
2024-07-31,102.5,102.5
2024-08-31,103.0,103.0
2024-09-30,102.6,102.6
2024-10-31,102.2,102.2
2024-11-30,102.0,102.0
2024-12-31,103.0,103.0
2025-01-31,102.9,102.9
2025-02-28,103.9,103.9
2025-03-31,103.5,103.5
2025-04-30,103.6,103.6
2025-05-31,103.7,103.7
2025-06-30,104.2,104.2
2025-07-31,103.8,103.8
2025-08-31,103.9,103.9
2025-09-30,,103.82683333333334
2025-10-31,,103.61439825847911
2025-11-30,,103.40708167015856
2025-12-31,,103.2307
2026-01-31,,103.10584145192387
2026-02-28,,103.03218131901906
2026-03-31,,103.00416666666666
2026-04-30,,103.0165964276526
2026-05-31,,103.06567700438245
2026-06-30,,103.14796666666666
2026-07-31,,103.25878394857682
2026-08-31,,103.3884884412289
2026-09-30,,103.5262
2026-10-31,,103.66302950643518
2026-11-30,,103.79805194675134
2026-12-31,,103.93233333333335
2027-01-31,,103.58522179529325
2027-02-28,,103.7183053038589
2027-03-31,,103.8418
2027-04-30,,103.95232772998608
2027-05-31,,104.05679982795222
2027-06-30,,104.1647
2027-07-31,,104.2831395069847
2027-08-31,,104.40973982877665
2027-09-30,,104.53975
2027-10-31,,104.66939572355665
2027-11-30,,104.79880937545967
2027-12-31,,104.9291
2028-01-31,,105.06082019138135
2028-02-29,,105.19229674345874
2028-03-31,,105.32130000000001
2028-04-30,,105.44672536276983
2028-05-31,,105.57196846552021
2028-06-30,,105.70155
2028-07-31,,105.83859317235418
2028-08-31,,105.9806312463123
2028-09-30,,106.12379999999999
2028-10-31,,106.26509824410974
2028-11-30,,106.40497691960101
2028-12-31,,106.54475
2029-01-31,,106.6850879252809
2029-02-28,,106.82408700120959
2029-03-31,,106.9592
2029-04-30,,107.08867968439633
2029-05-31,,107.2139787792643
2029-06-30,,107.33735
2029-07-31,,107.46046000380049
2029-08-31,,107.58263121506658
2029-09-30,,107.70259999999999
2029-10-31,,107.81943030040173
2029-11-30,,107.93349636046943
2029-12-31,,108.0455
2030-01-31,,111.1521390446784
2030-02-28,,111.32374759107118
2030-03-31,,111.4931
2030-04-30,,111.65804974301913
2030-05-31,,111.81876673461335
2030-06-30,,111.976
2030-07-31,,112.13037679805981
2030-08-31,,112.28203732232721
2030-09-30,,112.431
2030-10-31,,112.57729491659339
2030-11-30,,112.72099879089254
2030-12-31,,112.8622
2031-01-31,,113.00107686889991
2031-02-28,,113.13816751410263
2031-03-31,,113.2741
2031-04-30,,113.40941612632548
2031-05-31,,113.54431263417848
2031-06-30,,113.6789
2031-07-31,,113.81328825542782
2031-08-31,,113.94758565288713
2031-09-30,,114.0819
2031-10-31,,114.21631974085219
2031-11-30,,114.3508558653841
2031-12-31,,114.4855
2032-01-31,,114.62024389227464
2032-02-29,,114.75507977446533
2032-03-31,,114.89
2032-04-30,,115.02500469004926
2032-05-31,,115.16012503675455
2032-06-30,,115.2954
2032-07-31,,115.43085586604684
2032-08-31,,115.56646822666461
2032-09-30,,115.7022
2032-10-31,,115.83801629020788
2032-11-30,,115.97389094547592
2032-12-31,,116.1098
2033-01-31,,116.24573082497355
2033-02-28,,116.38171613957991
2033-03-31,,116.5178
2033-04-30,,116.6540159654535
2033-05-31,,116.79035560731552
2033-06-30,,116.9268
2033-07-31,,117.06333494284203
2033-08-31,,117.19996513486164
2033-09-30,,117.3367
2033-10-31,,117.47354055947461
2033-11-30,,117.61045422360827
2033-12-31,,117.7474
2034-01-31,,117.8843509674076
2034-02-28,,118.02133648922377
2034-03-31,,118.1584
2034-04-30,,118.2955703857098
2034-05-31,,118.43281833801511
2034-06-30,,118.5701
2034-07-31,,118.70738230456801
2034-08-31,,118.84467534390092
2034-09-30,,118.982
2034-10-31,,119.11937817379594
2034-11-30,,119.25683584193679
2034-12-31,,119.3944
2035-01-31,,119.53209018543345
2035-02-28,,119.66989610316678
2035-03-31,,119.8078
2035-04-30,,119.9457870103962
2035-05-31,,120.08385381947026
2035-06-30,,120.222
2035-07-31,,120.36022473594466
2035-08-31,,120.49852565598921
2035-09-30,,120.6369
2035-10-31,,120.77535108286216
2035-11-30,,120.91390651953584
2035-12-31,,121.0526
2036-01-31,,121.1914635251993
2036-02-29,,121.33052233994147
2036-03-31,,121.4698
2036-04-30,,121.60930963115548
2036-05-31,,121.74902263921682
2036-06-30,,121.8889
2036-07-31,,122.02890906128994
2036-08-31,,122.16904265874686
2036-09-30,,122.3093
2036-10-31,,122.44968375331446
2036-11-30,,122.59021042949942
2036-12-31,,122.7309
2037-01-31,,122.87177444397075
2037-02-28,,123.01286377140362
2037-03-31,,123.1542
2037-04-30,,123.29579995228407
2037-05-31,,123.43761967007131
2037-06-30,,123.5796
2037-07-31,,123.72169611726332
2037-08-31,,123.8639205112741
2037-09-30,,124.0063
2037-10-31,,124.14885631940334
2037-11-30,,124.29159087742485
2037-12-31,,124.4345
2038-01-31,,124.57757490141965
2038-02-28,,124.7207863493968
2038-03-31,,124.8641
2038-04-30,,125.00749963047359
2038-05-31,,125.15104150276562
2038-06-30,,125.2948
2038-07-31,,125.43882657668594
2038-08-31,,125.58308097287401
2038-09-30,,125.7275
2038-10-31,,125.87205702574556
2038-11-30,,126.01687164277538
2038-12-31,,126.1621
2039-01-31,,126.30777124625776
2039-02-28,,126.45340653009853
2039-03-31,,126.5984
2039-04-30,,126.74261354477895
2039-05-31,,126.88778001460828
2039-06-30,,127.0361
2039-07-31,,127.18883383388574
2039-08-31,,127.34348081887576
2039-09-30,,127.4966
2039-10-31,,127.6456881567152
2039-11-30,,127.79199300618502
2039-12-31,,127.9377
2040-01-31,,128.08452835406837
2040-02-29,,128.23233234156936
2040-03-31,,128.3805
2040-04-30,,128.52855398256696
2040-05-31,,128.67655540531538
2040-06-30,,128.8247
2040-07-31,,128.97314090084905
2040-08-31,,129.12186085198408
2040-09-30,,129.2708
2040-10-31,,129.4199083399628
2040-11-30,,129.5691752608225
2040-12-31,,129.7186
2041-01-31,,129.86818499855895
2041-02-28,,130.0179455121334
2041-03-31,,130.1679
2041-04-30,,130.3180627769125
2041-05-31,,130.46843157953288
2041-06-30,,130.619
2041-07-31,,130.76976019008728
2041-08-31,,130.92069854010552
2041-09-30,,131.0718
2041-10-31,,131.22305572199767
2041-11-30,,131.37448166745244
2041-12-31,,131.5261
2042-01-31,,131.67792432932947
2042-02-28,,131.82993404934393
2042-03-31,,131.9821
2042-04-30,,132.13440251624004
2042-05-31,,132.28685991294958
2042-06-30,,132.4395
2042-07-31,,132.59234708719185
2042-08-31,,132.7454114840429
2042-09-30,,132.8987
2042-10-31,,133.05221654239986
2042-11-30,,133.20595341013814
2042-12-31,,133.3599
2043-01-31,,133.51404970617156
2043-02-28,,133.66841191244168
2043-03-31,,133.823
2043-04-30,,133.9778253736547
2043-05-31,,134.1328915326878
2043-06-30,,134.2882
2043-07-31,,134.44375620661714
2043-08-31,,134.59958121606635
2043-09-30,,134.7557
2043-10-31,,134.9121312813581
2043-11-30,,135.06886878823184
2043-12-31,,135.2259
2044-01-31,,135.38321496424663
2044-02-29,,135.54081400137662
2044-03-31,,135.6987
2044-04-30,,135.85687552832206
2044-05-31,,136.01534187292845
2044-06-30,,136.1741
2044-07-31,,136.33314958913184
2044-08-31,,136.49248517357623
2044-09-30,,136.6521
2044-10-31,,136.8119890781136
2044-11-30,,136.97215446980354
2044-12-31,,137.1326
2045-01-31,,137.29332743174697
2045-02-28,,137.45433028054288
2045-03-31,,137.6156
2045-04-30,,137.7771345282319
2045-05-31,,137.9389577413582
2045-06-30,,138.1011
2045-07-31,,138.2635788997699
2045-08-31,,138.4263609762465
2045-09-30,,138.5894
2045-10-31,,138.75266468750337
2045-11-30,,138.91618353884095
2045-12-31,,139.08
2046-01-31,,139.24414383169818
2046-02-28,,139.40859005357493
2046-03-31,,139.5733
2046-04-30,,139.73824887459276
2046-05-31,,139.90346735797056
2046-06-30,,140.069
2046-07-31,,140.23488289215283
2046-08-31,,140.40111829232063
2046-09-30,,140.5677
2046-10-31,,140.73461585309212
2046-11-30,,140.9018298431172
2046-12-31,,141.0693
2047-01-31,,141.23699813992303
2047-02-28,,141.40495122409945
2047-03-31,,141.5732
2047-04-30,,141.74177677240093
2047-05-31,,141.91068007529987
2047-06-30,,142.0799
2047-07-31,,142.2494281038067
2047-08-31,,142.41926180803443
2047-09-30,,142.5894
2047-10-31,,142.75984044200206
2047-11-30,,142.9305763962662
2047-12-31,,143.1016
2048-01-31,,143.27290642448148
2048-02-29,,143.4445029772711
2048-03-31,,143.6164
2048-04-30,,143.78860423044242
2048-05-31,,143.9611079909456
2048-06-30,,144.1339
2048-07-31,,144.3069766537489
2048-08-31,,144.48036505894655
2048-09-30,,144.6541
2048-10-31,,144.8282039693769
2048-11-30,,145.00265029178686
2048-12-31,,145.1774
2049-01-31,,145.3524259872621
2049-02-28,,145.52774858872098
2049-03-31,,145.7034
2049-04-30,,145.87940319268583
2049-05-31,,146.05574424221817
2049-06-30,,146.2324
2049-07-31,,146.40935383458725
2049-08-31,,146.58661518314716
2049-09-30,,146.7642
2049-10-31,,146.94211850600223
2049-11-30,,147.12035798815606
2049-12-31,,147.2989
2050-01-31,,147.47773140066303
2050-02-28,,147.65686027163596
2050-03-31,,147.8363
2050-04-30,,148.0160595950493
2050-05-31,,148.19613055492974
2050-06-30,,148.3765
2050-07-31,,148.557163552473
2050-08-31,,148.7381508419784
2050-09-30,,148.9195
2050-10-31,,149.1012491580216
2050-11-30,,149.28343644752698
2050-12-31,,149.4661
